<?xml version="1.0" encoding="UTF-8"?>
<beans xmlns="http://www.springframework.org/schema/beans"
	xmlns:xsi="http://www.w3.org/2001/XMLSchema-instance"
	xsi:schemaLocation="http://www.springframework.org/schema/beans
   	http://www.springframework.org/schema/beans/spring-beans.xsd">

	<bean id="menuItemList" class="java.util.ArrayList">
		<constructor-arg>
			<list>
				<ref bean="c" />
				<ref bean="java" />
				<ref bean="database" />
				<ref bean="ui" />
				<ref bean="python" />
			</list>
		</constructor-arg>
	</bean>
	<bean id="c" class="com.cognizant.book.model.MenuItem">
		<property name="id" value="1"></property>
		<property name="name" value="C-Programming"></property>
		<property name="price" value="89"></property>
		<property name="active" value="true"></property>
		<property name="dateOfPublication" value="15/03/2017"></property>
		<property name="category" value="Programming"></property>
		<property name="freeDelivery" value="true"></property>
  <property name="image" value="https://images.unsplash.com/photo-1528735602780-2552fd46c7af?ixlib=rb-1.2.1&amp;ixid=eyJhcHBfaWQiOjEyMDd9&amp;auto=format&amp;fit=crop&amp;w=500&amp;q=60"/>
	<!--    <property name="image" value ="http://www.avajava.com/images/avajavalogo.jpg"/> -->
		
	</bean>
	<bean id="java" class="com.cognizant.book.model.MenuItem">
		<property name="id" value="2"></property>
		<property name="name" value="Java"></property>
		<property name="price" value="102"></property>
		<property name="active" value="true"></property>
		<property name="dateOfPublication" value="23/12/2017"></property>
		<property name="category" value="Programming"></property>
		<property name="freeDelivery" value="false"></property>
		<property name="image" value ="http://www.avajava.com/images/avajavalogo.jpg"/> 
	</bean>
	<bean id="database" class="com.cognizant.book.model.MenuItem">
		<property name="id" value="3"></property>
		<property name="name" value="Oracle"></property>
		<property name="price" value="149"></property>
		<property name="active" value="true"></property>
		<property name="dateOfPublication" value="21/08/2017"></property>
		<property name="category" value="Database"></property>
		<property name="freeDelivery" value="false"></property>
		<property name="image" value ="http://www.avajava.com/images/avajavalogo.jpg"/> 
	</bean>
	<bean id="ui"
		class="com.cognizant.book.model.MenuItem">
		<property name="id" value="4"></property>	
		<property name="name" value="HTML"></property>
		<property name="price" value="58"></property>
		<property name="active" value="false"></property>
		<property name="dateOfPublication" value="02/07/2017"></property>
		<property name="category" value="UI"></property>
		<property name="freeDelivery" value="true"></property>
		<property name="image" value ="http://www.avajava.com/images/avajavalogo.jpg"/> 
	</bean>
	<bean id="python"
		class="com.cognizant.book.model.MenuItem">
		<property name="id" value="5"></property>
		<property name="name" value="Python"></property>
		<property name="price" value="31"></property>
		<property name="active" value="true"></property>
		<property name="dateOfPublication" value="02/11/2022"></property>
		<property name="category" value="Programming"></property>
		<property name="freeDelivery" value="true"></property>
		<property name="image" value ="http://www.avajava.com/images/avajavalogo.jpg"/> 
	</bean>
</beans>